Index,y_pred
0,pull up
1,push down
2,push down
3,push down
4,push down
5,push down
6,rename
7,push down
8,extract
9,push down
10,inline
11,push down
12,inline
13,push down
14,push down
15,push down
16,push down
17,push down
18,push down
19,push down
20,push down
21,inline
22,push down
23,pull up
24,rename
25,push down
26,move
27,push down
28,push down
29,push down
30,push down
31,inline
32,inline
33,push down
34,push down
35,push down
36,push down
37,push down
38,pull up
39,push down
40,move
41,move
42,push down
43,push down
44,push down
45,push down
46,pull up
47,push down
48,push down
49,push down
50,push down
51,push down
52,push down
53,push down
54,push down
55,push down
56,push down
57,push down
58,extract
59,push down
60,push down
61,push down
62,inline
63,move
64,push down
65,push down
66,push down
67,rename
68,move
69,extract
70,push down
71,pull up
72,push down
73,push down
74,move
75,push down
76,push down
77,push down
78,push down
79,push down
80,push down
81,push down
82,push down
83,push down
84,pull up
85,inline
86,push down
87,push down
88,push down
89,move
90,inline
91,move
92,push down
93,push down
94,push down
95,push down
96,push down
97,inline
98,push down
99,rename
100,push down
101,inline
102,push down
103,move
104,push down
105,push down
106,extract
107,push down
108,push down
109,push down
110,move
111,push down
112,pull up
113,push down
114,move
115,inline
116,push down
117,extract
118,push down
119,push down
120,push down
121,pull up
122,push down
123,inline
124,push down
125,push down
126,pull up
127,push down
128,push down
129,push down
130,push down
131,push down
132,push down
133,extract
134,push down
135,push down
136,rename
137,push down
138,push down
139,push down
140,push down
141,push down
142,extract
143,push down
144,push down
145,rename
146,push down
147,move
148,push down
149,push down
150,push down
151,move
152,push down
153,push down
154,move
155,push down
156,push down
157,push down
158,pull up
159,push down
160,push down
161,extract
162,extract
163,push down
164,extract
165,push down
166,pull up
167,push down
168,push down
169,push down
170,push down
171,push down
172,push down
173,push down
174,push down
175,push down
176,push down
177,push down
178,push down
179,push down
180,push down
181,push down
182,push down
183,push down
184,extract
185,inline
186,push down
187,pull up
188,inline
189,push down
190,push down
191,push down
192,push down
193,move
194,push down
195,push down
196,push down
197,push down
198,move
199,push down
200,push down
201,push down
202,move
203,inline
204,push down
205,push down
206,push down
207,push down
208,pull up
209,push down
210,push down
211,push down
212,pull up
213,push down
214,push down
215,push down
216,push down
217,push down
218,push down
219,inline
220,pull up
221,push down
222,push down
223,rename
224,push down
225,push down
226,push down
227,push down
228,push down
229,push down
230,move
231,extract
232,push down
233,move
234,push down
235,push down
236,push down
237,extract
238,inline
239,push down
240,push down
241,push down
242,push down
243,push down
244,push down
245,extract
246,push down
247,push down
248,push down
249,push down
250,push down
251,push down
252,move
253,push down
254,move
255,push down
256,push down
257,push down
258,move
259,push down
260,push down
261,push down
262,push down
263,push down
264,push down
265,push down
266,push down
267,push down
268,inline
269,push down
270,rename
271,inline
272,push down
273,inline
274,push down
275,push down
276,pull up
277,move
278,push down
279,pull up
280,push down
281,push down
282,extract
283,push down
284,pull up
285,push down
286,push down
287,push down
288,rename
289,push down
290,push down
291,push down
292,push down
293,extract
294,push down
295,push down
296,push down
297,move
298,push down
299,push down
300,push down
301,push down
302,push down
303,move
304,push down
305,push down
306,inline
307,extract
308,rename
309,rename
310,extract
311,extract
312,push down
313,push down
314,rename
315,push down
316,push down
317,push down
318,extract
319,push down
320,push down
321,push down
322,push down
323,push down
324,push down
325,push down
326,push down
327,push down
328,push down
329,push down
330,push down
331,push down
332,push down
333,push down
334,push down
335,push down
336,push down
337,push down
338,push down
339,pull up
340,push down
341,extract
342,push down
343,push down
344,push down
345,push down
346,pull up
347,push down
348,push down
349,push down
350,push down
351,push down
352,push down
353,push down
354,push down
355,push down
356,move
357,pull up
358,push down
359,inline
360,push down
361,push down
362,push down
363,push down
364,push down
365,push down
366,move
367,move
368,push down
369,push down
370,push down
371,push down
372,push down
373,move
374,extract
375,rename
376,pull up
377,inline
378,pull up
379,push down
380,inline
381,extract
382,push down
383,push down
384,pull up
385,inline
386,extract
387,extract
388,push down
389,rename
390,pull up
391,push down
392,push down
393,push down
394,push down
395,push down
396,extract
397,push down
398,inline
399,pull up
400,move
401,extract
402,push down
403,push down
404,push down
405,push down
406,push down
407,move
408,push down
409,inline
410,push down
411,push down
412,push down
413,push down
414,inline
415,push down
416,push down
417,push down
418,push down
419,push down
420,extract
421,push down
422,push down
423,push down
424,push down
425,push down
426,pull up
427,push down
428,inline
429,push down
430,push down
431,extract
432,push down
433,push down
434,push down
435,inline
436,push down
437,push down
438,push down
439,push down
440,push down
441,push down
442,move
443,push down
444,push down
445,push down
446,push down
447,push down
448,move
449,push down
450,inline
451,push down
452,push down
453,push down
454,push down
455,push down
456,push down
457,push down
458,push down
459,move
460,pull up
461,push down
462,inline
463,push down
464,push down
465,push down
466,push down
467,rename
468,inline
469,push down
470,rename
471,push down
472,push down
473,push down
474,extract
475,push down
476,push down
477,push down
478,push down
479,push down
480,push down
481,push down
482,push down
483,push down
484,push down
485,push down
486,push down
487,push down
488,push down
489,pull up
490,push down
491,push down
492,push down
493,push down
494,pull up
495,push down
496,push down
497,push down
498,push down
499,push down
500,move
501,push down
502,push down
503,inline
504,push down
505,push down
506,push down
507,move
508,push down
509,push down
510,push down
511,push down
512,push down
513,push down
514,push down
515,push down
516,push down
517,push down
518,push down
519,rename
520,push down
521,inline
522,push down
523,push down
524,push down
525,push down
526,move
527,push down
528,push down
529,push down
530,pull up
531,pull up
532,push down
533,push down
534,push down
535,push down
536,push down
537,push down
538,push down
539,push down
540,push down
541,push down
542,push down
543,push down
544,push down
545,move
546,push down
547,push down
548,push down
549,push down
550,push down
551,push down
552,inline
553,push down
554,pull up
555,push down
556,push down
557,push down
558,push down
559,push down
560,move
561,push down
562,push down
563,extract
564,push down
565,push down
566,extract
567,push down
568,extract
569,push down
570,push down
571,push down
572,extract
573,inline
574,push down
575,extract
576,extract
577,push down
578,push down
579,push down
580,push down
581,push down
582,push down
583,push down
584,push down
585,push down
586,push down
587,push down
588,push down
589,push down
590,push down
591,push down
592,push down
593,push down
594,push down
595,extract
596,push down
597,push down
598,push down
599,push down
600,push down
601,push down
602,rename
603,push down
604,push down
605,push down
606,push down
607,push down
608,pull up
609,extract
610,extract
611,push down
612,move
613,push down
614,push down
615,move
616,push down
617,push down
618,extract
619,push down
620,inline
621,extract
622,push down
623,push down
624,push down
625,push down
626,push down
627,push down
628,move
629,push down
630,push down
631,push down
632,push down
633,push down
634,push down
635,push down
636,push down
637,pull up
638,push down
639,pull up
640,push down
641,push down
642,push down
643,push down
644,push down
645,push down
646,pull up
647,push down
648,push down
649,push down
650,push down
651,push down
652,inline
653,push down
654,push down
655,push down
656,push down
657,push down
658,push down
659,push down
660,push down
661,inline
662,inline
663,push down
664,push down
665,move
666,push down
667,move
668,extract
669,rename
670,push down
671,push down
672,extract
673,push down
674,push down
675,push down
676,push down
677,push down
678,push down
679,push down
680,push down
681,rename
682,push down
683,extract
684,extract
685,move
686,move
687,push down
688,push down
689,push down
690,push down
691,push down
692,pull up
693,push down
694,push down
695,push down
696,pull up
697,push down
698,push down
699,push down
700,push down
701,push down
702,push down
703,pull up
704,push down
705,push down
706,push down
707,extract
708,push down
709,push down
710,push down
711,rename
712,push down
713,move
714,rename
715,push down
716,push down
717,pull up
718,extract
719,push down
720,move
721,push down
722,push down
723,push down
724,push down
725,push down
726,push down
727,rename
728,push down
729,rename
730,push down
731,push down
732,push down
733,inline
734,push down
735,push down
736,push down
737,push down
738,push down
739,push down
740,move
741,push down
742,push down
743,push down
744,push down
745,inline
746,push down
747,move
748,move
749,push down
750,extract
751,push down
752,push down
753,rename
754,push down
755,push down
756,push down
757,push down
758,rename
759,push down
760,push down
761,move
762,push down
763,push down
764,rename
765,push down
766,extract
767,push down
768,push down
769,push down
770,push down
771,extract
772,push down
773,push down
774,inline
775,rename
776,push down
777,rename
778,push down
779,extract
780,inline
781,move
782,pull up
783,pull up
784,push down
785,push down
786,push down
787,push down
788,push down
789,extract
790,push down
791,push down
792,push down
793,push down
794,push down
795,push down
796,push down
797,push down
798,push down
799,push down
800,rename
801,push down
802,push down
803,move
804,push down
805,push down
806,push down
807,push down
808,extract
809,push down
810,push down
811,push down
812,push down
813,push down
814,pull up
815,pull up
816,move
817,pull up
818,extract
819,push down
820,push down
821,push down
822,move
823,push down
824,extract
825,push down
826,push down
827,push down
828,extract
829,move
830,push down
831,push down
832,push down
833,push down
834,push down
835,pull up
836,push down
837,push down
838,push down
839,push down
840,push down
841,push down
842,move
843,pull up
844,push down
845,inline
846,push down
847,push down
848,push down
849,move
850,push down
851,extract
852,extract
853,push down
854,push down
855,push down
856,push down
857,push down
858,push down
859,push down
860,push down
861,push down
862,push down
863,push down
864,extract
865,extract
866,push down
867,push down
868,push down
869,push down
870,extract
871,push down
872,push down
873,push down
874,push down
875,push down
876,rename
877,extract
878,push down
879,push down
880,push down
881,push down
882,push down
883,push down
884,move
885,push down
886,rename
887,push down
888,push down
889,push down
890,push down
891,push down
892,push down
893,inline
894,pull up
895,push down
896,push down
897,push down
898,push down
899,push down
900,push down
901,push down
902,inline
903,push down
904,push down
905,move
906,push down
907,push down
908,push down
909,push down
910,move
911,pull up
912,push down
913,push down
914,move
915,move
916,push down
917,push down
918,push down
919,push down
920,push down
921,pull up
922,move
923,push down
924,push down
925,push down
926,push down
927,push down
928,pull up
929,push down
930,push down
931,push down
932,inline
933,push down
934,pull up
935,push down
936,push down
937,extract
938,inline
939,push down
940,move
941,push down
942,push down
943,push down
944,push down
945,inline
946,extract
947,push down
948,pull up
949,move
950,push down
951,push down
952,push down
953,push down
954,inline
955,push down
956,move
957,push down
958,inline
959,rename
960,push down
961,pull up
962,move
963,push down
964,push down
965,inline
966,push down
967,push down
968,push down
969,pull up
970,push down
971,push down
972,extract
973,push down
974,push down
975,move
976,push down
977,push down
978,push down
979,push down
980,push down
981,pull up
982,move
983,push down
984,push down
985,push down
986,push down
987,push down
988,pull up
989,push down
990,push down
991,move
992,push down
993,move
994,pull up
995,push down
996,push down
997,push down
998,extract
999,push down
1000,pull up
